{
    "intercept": -2.287011391597728,
    "coefficients": [
        4.082469229484555,
        6.444310939545549,
        5.067052383669725,
        5.009945207571565,
        -3.989502368698137,
        -2.4356695331373395,
        2.315182229604229,
        4.558655873043264,
        1.7116397063626465,
        3.1353433387883114,
        3.0062814153375093,
        2.7638288350351026,
        3.1916393113594688,
        3.07750004147608,
        3.434191052253101,
        3.1240284459512453,
        2.7380136988867085,
        2.2971175556220502,
        2.6592114261940436,
        4.575372748679972,
        1.7180692878233952,
        4.418407122008174,
        2.774989089974021,
        2.7212795979212365,
        2.984741741620154,
        2.344269221608511,
        2.877897406534988,
        2.105392752017262,
        4.583316496093891,
        0.33057863688752487,
        2.137256465130254,
        2.4429509173782917,
        3.692779725140185,
        0.9362127292148511,
        1.2301133297430598,
        -2.4936975545445064,
        2.4562192366039883,
        2.840409910561024,
        -2.191790789188175,
        3.1350136749224267,
        1.3974430669928153,
        0.5011179293094408,
        2.3801685055892943,
        -0.9299020438395968,
        0.9374887367906033,
        1.5940184440242786,
        1.6779541095625732,
        1.9100163056232615,
        -1.55498622560943,
        1.7276740990205957,
        1.3812070784966952,
        1.632042390845462,
        2.186350346732096,
        1.1310728643853702,
        -1.8492313372957796,
        0.8007383505856146,
        -1.1927366439880864,
        1.782226735808409,
        -1.084295359231745,
        0.00043341851944977766,
        2.173748423171445,
        0.8146690852948894,
        -1.6169340297980748,
        -2.206409992819401,
        2.2981344506649606,
        2.030029899496027,
        -1.2544264497485056,
        -1.0444886269491656,
        1.1863696971959041,
        1.658184458542853,
        -2.4826403414748794,
        -1.3219226563691664,
        -1.01894409862051,
        1.2113920976043175,
        1.7421503780938339,
        1.0421698731726297,
        1.1243660899646353,
        -2.260934530868032,
        2.220511123842034,
        -3.210528669572524,
        -0.5012144255492521,
        0.2658984862733434,
        -0.186007352410693,
        -1.7501732044922402,
        1.8038924633430282,
        -1.4395907979323468,
        1.7086197128619505,
        0.4187178166464421,
        0.9231340540167916,
        0.6673208849466756,
        1.6401847481097807,
        0.9379168160865049,
        -0.5211234657766165,
        1.1553669419495562,
        1.9914490895855275,
        -0.823088189400835,
        0.7931160037538759,
        -1.0659276449279156,
        -1.3222558720401982,
        1.6429963339754083,
        5.0476955082253765,
        0.0
    ]
}